region,model,mse,mae,ev
Postojna,cars,355949.84,585.8934,-89234.6484375
Postojna,cars,355949.84375,585.8933715820312,-89234.6484375
Postojna,cars,355949.84375,585.8933715820312,-89234.6484375
Postojna,cars,355949.84375,585.8933715820312,-89234.6484375
