region,model,mse,mae,ev
Postojna,cars,355949.84,585.8934,-89234.6484375
Postojna,cars,355949.84375,585.8933715820312,-89234.6484375
Postojna,cars,355949.84375,585.8933715820312,-89234.6484375
Postojna,cars,355949.84375,585.8933715820312,-89234.6484375
Postojna,cars,228627.421875,466.4836120605469,-96424.9921875
Postojna,cars,615972.375,775.4700317382812,-215145.625
Postojna,cars,518187.875,716.307861328125,-40316.05859375
Postojna,cars,893396.625,941.819580078125,-79573.609375
