region,model,mse,mae,ev
Postojna,speed,14165.77,117.93435,-15964.525390625
Postojna,speed,14165.76953125,117.9343490600586,-15964.525390625
Postojna,speed,14165.76953125,117.9343490600586,-15964.525390625
Postojna,speed,14165.76953125,117.9343490600586,-15964.525390625
Postojna,speed,15179.5771484375,122.20348358154297,-7565.65869140625
