region,model,mse,mae,ev
Postojna,speed,14165.77,117.93435,-15964.525390625
Postojna,speed,14165.76953125,117.9343490600586,-15964.525390625
Postojna,speed,14165.76953125,117.9343490600586,-15964.525390625
Postojna,speed,14165.76953125,117.9343490600586,-15964.525390625
