region,model,mse,mae,ev
Kozina,cars,446.20413,18.35583,-1506.811279296875
Kozina,cars,446.2041320800781,18.3558292388916,-1506.811279296875
Kozina,cars,446.2041320800781,18.3558292388916,-1506.811279296875
Kozina,cars,446.2041320800781,18.3558292388916,-1506.811279296875
Kozina,cars,672.8123168945312,25.71139335632324,-254.2078857421875
Kozina,cars,715.325439453125,26.434345245361328,-560.2952880859375
