region,model,mse,mae,ev
Kozina,cars,446.20413,18.35583,-1506.811279296875
Kozina,cars,446.2041320800781,18.3558292388916,-1506.811279296875
Kozina,cars,446.2041320800781,18.3558292388916,-1506.811279296875
Kozina,cars,446.2041320800781,18.3558292388916,-1506.811279296875
Kozina,cars,672.8123168945312,25.711393356323242,-254.2078857421875
