region,model,mse,mae,ev
Kozina,speed,903.3759,29.606787,-160.68063354492188
Kozina,speed,903.3759155273438,29.60678672790528,-160.68063354492188
Kozina,speed,903.3759155273438,29.60678672790528,-160.68063354492188
Kozina,speed,903.3759155273438,29.60678672790528,-160.68063354492188
Kozina,speed,865.9266357421875,29.230722427368164,-65.89116668701172
Kozina,speed,1686.06103515625,40.91948699951172,-63.358360290527344
