region,model,mse,mae,ev
Pomurska,cars,3132.042,53.80144,-6528.78515625
Pomurska,cars,3132.0419921875,53.80144119262695,-6528.78515625
Pomurska,cars,3132.0419921875,53.80144119262695,-6528.78515625
Pomurska,cars,3132.0419921875,53.80144119262695,-6528.78515625
Pomurska,cars,3449.60693359375,56.98003387451172,-11329.2119140625
