region,model,mse,mae,ev
Pomurska,speed,5448.2505,73.352684,-786.5925903320312
Pomurska,speed,5448.25048828125,73.3526840209961,-786.5925903320312
Pomurska,speed,5448.25048828125,73.3526840209961,-786.5925903320312
Pomurska,speed,5448.25048828125,73.3526840209961,-786.5925903320312
