region,model,mse,mae,ev
Maribor,cars,122286.64,348.88907,-7533.82666015625
Maribor,cars,122286.640625,348.8890686035156,-7533.82666015625
Maribor,cars,122286.640625,348.8890686035156,-7533.82666015625
Maribor,cars,122286.640625,348.8890686035156,-7533.82666015625
Maribor,cars,116221.6796875,335.8015441894531,-37946.4609375
