region,model,mse,mae,ev
Maribor,cars,122286.64,348.88907,-7533.82666015625
Maribor,cars,122286.640625,348.8890686035156,-7533.82666015625
Maribor,cars,122286.640625,348.8890686035156,-7533.82666015625
Maribor,cars,122286.640625,348.8890686035156,-7533.82666015625
Maribor,cars,116221.6796875,335.8015441894531,-37946.4609375
Maribor,cars,150044.234375,386.095703125,-13447.857421875
Maribor,cars,87137.9765625,293.6729736328125,-9822.564453125
Maribor,cars,131420.390625,360.6971435546875,-17448.111328125
Maribor,cars,135371.65625,366.8645935058594,-11602.953125
