region,model,mse,mae,ev
Maribor,speed,4686.318,68.28686,-14860.05859375
Maribor,speed,4686.31787109375,68.28685760498047,-14860.05859375
Maribor,speed,4686.31787109375,68.28685760498047,-14860.05859375
Maribor,speed,4686.31787109375,68.28685760498047,-14860.05859375
Maribor,speed,5571.45361328125,74.58269500732422,-5963.65869140625
Maribor,speed,6808.44580078125,82.49642181396484,-23.625675201416016
Maribor,speed,5342.4033203125,72.9341049194336,-10550.7646484375
