region,model,mse,mae,ev
Sl_Konjice,cars,222609.08,468.69812,-45146.8203125
Sl_Konjice,cars,222609.078125,468.6981201171875,-45146.8203125
Sl_Konjice,cars,222609.078125,468.6981201171875,-45146.8203125
Sl_Konjice,cars,222609.078125,468.6981201171875,-45146.8203125
Sl_Konjice,cars,242517.390625,490.0817260742188,-45672.421875
Sl_Konjice,cars,347942.71875,588.9310302734375,-12744.0546875
Sl_Konjice,cars,270826.28125,518.40869140625,-22078.966796875
