region,model,mse,mae,ev
Sl_Konjice,cars,222609.08,468.69812,-45146.8203125
Sl_Konjice,cars,222609.078125,468.6981201171875,-45146.8203125
Sl_Konjice,cars,222609.078125,468.6981201171875,-45146.8203125
Sl_Konjice,cars,222609.078125,468.6981201171875,-45146.8203125
Sl_Konjice,cars,242517.390625,490.08172607421875,-45672.421875
