region,model,mse,mae,ev
Sl_Konjice,speed,10177.859,100.8613,-44.35158920288086
Sl_Konjice,speed,10177.859375,100.86129760742188,-44.35158920288086
Sl_Konjice,speed,10177.859375,100.86129760742188,-44.35158920288086
Sl_Konjice,speed,10177.859375,100.86129760742188,-44.35158920288086
