region,model,mse,mae,ev
Ljubljana,cars,56247.516,231.28737,-32006.474609375
Ljubljana,cars,56247.515625,231.2873687744141,-32006.474609375
Ljubljana,cars,56247.515625,231.2873687744141,-32006.474609375
Ljubljana,cars,56247.515625,231.2873687744141,-32006.474609375
Ljubljana,cars,52142.140625,223.42620849609375,-47261.96875
