region,model,mse,mae,ev
Ljubljana,speed,5076.431,70.47895,-30325.126953125
Ljubljana,speed,5076.43115234375,70.47895050048828,-30325.126953125
Ljubljana,speed,5076.43115234375,70.47895050048828,-30325.126953125
Ljubljana,speed,5076.43115234375,70.47895050048828,-30325.126953125
Ljubljana,speed,6951.62646484375,83.13265991210938,-885.6130981445312
Ljubljana,speed,11178.912109375,105.52983093261719,-366.9525146484375
