region,model,mse,mae,ev
Vransko,cars,92241.22,298.88596,-26968.736328125
Vransko,cars,92241.21875,298.8859558105469,-26968.736328125
Vransko,cars,92241.21875,298.8859558105469,-26968.736328125
Vransko,cars,92241.21875,298.8859558105469,-26968.736328125
