region,model,mse,mae,ev
Vransko,speed,9711.069,98.390305,-11130.9521484375
Vransko,speed,9711.0693359375,98.39030456542967,-11130.9521484375
Vransko,speed,9711.0693359375,98.39030456542967,-11130.9521484375
Vransko,speed,9711.0693359375,98.39030456542969,-11130.9521484375
